,/intelcpu/0/load/1,/intelcpu/0/load/2,/intelcpu/0/load/3,/intelcpu/0/load/4,/intelcpu/0/load/5,/intelcpu/0/load/6,/intelcpu/0/load/7,/intelcpu/0/load/8,/intelcpu/0/load/9,/intelcpu/0/load/10,/intelcpu/0/load/0,/ram/load/0,/ram/data/0,/ram/data/1,/nvidiagpu/0/temperature/0,/nvidiagpu/0/clock/0,/nvidiagpu/0/clock/1,/nvidiagpu/0/clock/2,/nvidiagpu/0/load/0,/nvidiagpu/0/load/1,/nvidiagpu/0/load/2,/nvidiagpu/0/load/3,/nvidiagpu/0/smalldata/3,/nvidiagpu/0/smalldata/2,/nvidiagpu/0/smalldata/1,/nvidiagpu/0/load/4,/nvidiagpu/0/power/0,/nvidiagpu/0/throughput/0,/nvidiagpu/0/throughput/1,/hdd/0/load/0,/hdd/1/load/0
Time,"CPU Core #1","CPU Core #2","CPU Core #3","CPU Core #4","CPU Core #5","CPU Core #6","CPU Core #7","CPU Core #8","CPU Core #9","CPU Core #10","CPU Total","Memory","Used Memory","Available Memory","GPU Core","GPU Core","GPU Memory","GPU Shader","GPU Core","GPU Frame Buffer","GPU Video Engine","GPU Bus Interface","GPU Memory Total","GPU Memory Used","GPU Memory Free","GPU Memory","GPU Power","GPU PCIE Rx","GPU PCIE Tx","Used Space","Used Space"
09/30/2024 13:56:24,1.5625,1.5625,2.36855149,7.03125,0,0,1.5625,38.4615364,28.125,32.8125,7.875693,68.7938156,16.2986946,7.39339828,58,210.000015,405.000031,0,0,31,0,0,6144,327.9414,5816.05859,5.337588,3.79300022,0,0,89.36812,86.55914
09/30/2024 13:56:25,0,1.5625,0,0.78125,0,0,34.375,42.85714,57.1428528,67.1875,12.890625,68.9567261,16.3372917,7.354801,58,210.000015,405.000031,0,0,38,0,0,6144,327.9414,5816.05859,5.337588,3.72700024,0.0009765625,0,89.36812,86.55914
09/30/2024 13:56:26,0.78125,0,0,1.5625,0,0,15.625,30.76923,13.8461533,50,7.1829915,68.94417,16.3343163,7.35777664,58,210.000015,405.000031,0,0,20,0,0,6144,328.5039,5815.496,5.346743,3.88200021,0,0,89.36812,86.55914
09/30/2024 13:56:27,3.90625,0,0.78125,1.5625,0,0,42.1875,52.3809547,73.4375,41.26984,13.8609886,68.91364,16.3270836,7.36500931,58,210.000015,405.000031,0,2,11,0,0,6144,328.3164,5815.68359,5.34369135,3.91900015,0.0009765625,0,89.36812,86.55914
09/30/2024 13:56:28,0.78125,0,0.78125,4.6875,0,0,12.5,44.6153831,73.01587,47.6923065,11.8952217,68.9361343,16.3324127,7.35968,58,210.000015,405.000031,0,0,28,0,0,6144,328.4414,5815.55859,5.345726,3.772,0.0029296875,0.0009765625,89.36812,86.55914
09/30/2024 13:56:29,0,0,0,0,0,0,9.375,29.6875,53.8461571,53.96825,9.179807,68.9358444,16.3323441,7.359749,58,210.000015,405.000031,0,0,28,0,0,6144,328.5039,5815.496,5.346743,3.76400018,0,0.0009765625,89.36812,86.55914
09/30/2024 13:56:30,0,0.78125,0,0,0,0,14.0625,14.0625,34.375,21.53846,5.35005951,68.91631,16.3277168,7.364376,58,210.000015,405.000031,0,0,34,0,0,6144,328.5039,5815.496,5.346743,3.693,0.0009765625,0.0009765625,89.36812,86.55914
09/30/2024 13:56:31,1.5625,0.78125,0,0,0,0,17.1875,14.0625,10.9375,29.6875,4.78515625,68.8835,16.3199425,7.37215042,58,210.000015,405.000031,0,0,18,0,0,6144,328.5039,5815.496,5.346743,3.726,0,0,89.36812,86.55914
09/30/2024 13:56:32,0.78125,4.6875,0.78125,0,0,0,20.3125,42.1875,76.5625,26.5625,11.1328125,68.89915,16.32365,7.36844254,58,210.000015,405.000031,0,4,16,0,0,6144,328.5039,5815.496,5.346743,3.73500013,0.0009765625,0,89.36812,86.55914
09/30/2024 13:56:33,0,0,0,0,0,0,15.625,42.85714,33.3333321,4.6875,6.031436,68.91285,16.3268967,7.365196,58,210.000015,405.000031,0,0,17,0,0,6144,328.4414,5815.55859,5.345726,3.70500016,0,0,89.36812,86.55914
09/30/2024 13:56:34,0,0,0,0,0,0,9.375,52.30769,55.384613,42.1875,9.953427,68.92768,16.33041,7.361683,58,210.000015,405.000031,0,3,23,0,0,6144,328.4414,5815.55859,5.345726,3.73100019,0.0009765625,0,89.36812,86.55914
09/30/2024 13:56:35,0.78125,1.5625,0,0,0,0,3.125,1.58730149,17.1875,12.6984119,2.45535374,68.92987,16.3309288,7.361164,58,210.000015,405.000031,0,0,7,0,0,6144,328.4414,5815.55859,5.345726,3.7670002,0,0,89.36812,86.55914
09/30/2024 13:56:36,0,0,0,0,0,0,20.3125,50.7692337,87.5,72.30769,14.4305887,68.88608,16.3205528,7.37154,58,210.000015,405.000031,0,0,8,0,0,6144,328.4414,5815.55859,5.345726,3.68500018,0.0009765625,0,89.36812,86.55914
09/30/2024 13:56:37,0,1.5625,0,0,0,0,9.375,16.129034,34.92063,41.26984,6.551218,68.87289,16.3174286,7.37466431,58,210.000015,405.000031,0,5,29,0,0,6144,328.4414,5815.55859,5.345726,3.762,0.0009765625,0,89.36812,86.55914
09/30/2024 13:56:38,0,0,0,0,0,0,28.125,83.33333,64.0625,89.23077,16.54697,68.86424,16.31538,7.376713,58,210.000015,405.000031,0,2,25,0,0,6144,328.8164,5815.18359,5.35182953,3.77900028,0.0009765625,0.0009765625,89.36812,86.55914
09/30/2024 13:56:39,0,0,0,0,0,0,15.625,33.3333321,16.9230766,28.125,5.87539673,68.8773,16.3184738,7.373619,58,210.000015,405.000031,0,0,31,0,0,6144,328.8164,5815.18359,5.35182953,3.75600028,0.0009765625,0.0009765625,89.36812,86.55914
09/30/2024 13:56:40,0.78125,0,0.78125,0,0,0,34.375,76.5625,68.75,42.85714,14.1043549,68.89575,16.3228455,7.36924744,58,210.000015,405.000031,0,0,20,0,0,6144,328.8164,5815.18359,5.35182953,3.70100021,0.0009765625,0,89.36812,86.55914
09/30/2024 13:56:41,0,0,0,0,0,0,0,7.8125,17.4603157,17.1875,2.65377164,68.8929,16.32217,7.36992264,58,210.000015,405.000031,0,0,22,0,0,6144,328.8164,5815.18359,5.35182953,3.70100021,0.0009765625,0,89.36812,86.55914
09/30/2024 13:56:42,1.5625,0,0,0,0,0,12.3076916,38.4615364,81.25,81.25,13.5246391,68.88562,16.320446,7.371647,58,210.000015,405.000031,0,0,8,0,0,6144,328.8164,5815.18359,5.35182953,3.68700027,0.0009765625,0,89.36812,86.55914
09/30/2024 13:56:43,0.78125,1.5625,0,0,0,1.5625,10.9375,10.9375,41.53846,10.76923,5.1247,68.93892,16.3330727,7.35902,58,210.000015,405.000031,0,0,8,0,0,6144,328.8164,5815.18359,5.35182953,3.67,0,0,89.36812,86.55914
09/30/2024 13:56:44,0.78125,0,0,0,0,0,1.5625,59.375,75,46.875,11.5234375,68.94257,16.3339386,7.3581543,58,210.000015,405.000031,0,2,28,0,0,6144,328.4414,5815.55859,5.345726,3.76000023,0,0,89.36812,86.55914
09/30/2024 13:56:45,0,0,0,0,0,0,10.9375,29.6875,23.4375,48.4375,7.03125,68.93908,16.33311,7.358982,58,210.000015,405.000031,0,0,28,0,0,6144,328.4414,5815.55859,5.345726,3.69400024,0.0009765625,0,89.36812,86.55914
09/30/2024 13:56:46,0,0,0,0,0,0,21.875,23.8095226,20.63492,57.8125,7.758248,68.9486542,16.33538,7.35671234,58,210.000015,405.000031,0,0,36,0,0,6144,328.4414,5815.55859,5.345726,3.70500016,0.0009765625,0,89.36812,86.55914
09/30/2024 13:56:47,0,0,0,0,0,0,6.25,38.4615364,29.2307682,54.6875,8.039361,68.89424,16.3224869,7.369606,58,210.000015,405.000031,0,0,22,0,0,6144,328.4414,5815.55859,5.345726,3.72100019,0,0,89.36812,86.55914
09/30/2024 13:56:48,0.78125,5.555558,0,0,0,0,10.9375,44.4444427,71.42857,34.375,10.8661947,68.89395,16.3224182,7.36967468,58,210.000015,405.000031,0,0,33,0,0,6144,328.4414,5815.55859,5.345726,3.69900012,0.0009765625,0,89.36812,86.55914
09/30/2024 13:56:49,0,0,0,0,0,0,7.8125,59.375,68.75,90.625,14.1601563,68.9112854,16.3265266,7.36556625,58,210.000015,405.000031,0,0,23,0,0,6144,328.4414,5815.55859,5.345726,3.68700027,0,0,89.36812,86.55914
09/30/2024 13:56:50,0,0,0,0,0,0,12.5,46.1538429,43.07692,59.375,10.069108,68.90161,16.324234,7.367859,58,210.000015,405.000031,0,0,32,0,0,6144,328.4414,5815.55859,5.345726,3.67800021,0,0,89.36812,86.55914
09/30/2024 13:56:51,0.78125,0.78125,0,2.34375,0,0,18.75,15.625,29.6875,51.5625,7.71484375,68.7534943,16.2891426,7.40295029,58,210.000015,405.000031,0,0,29,0,0,6144,328.4414,5815.55859,5.345726,3.69500017,0.0009765625,0,89.36812,86.55914
09/30/2024 13:56:52,2.34375,1.5625,0,0,0,0,0,0,34.375,1.5625,2.734375,68.84845,16.3116379,7.380455,58,210.000015,405.000031,0,0,20,0,0,6144,328.4414,5815.55859,5.345726,3.70000029,0.0009765625,0,89.36812,86.55914
09/30/2024 13:56:53,0,3.90625,0,0,0,0,6.25,21.875,81.25,40.625,9.863281,68.89184,16.3219185,7.37017441,58,210.000015,405.000031,0,0,14,0,0,6144,328.4414,5815.55859,5.345726,3.69700027,0.0009765625,0,89.36815,86.55914
09/30/2024 13:56:54,0,5.46875,0,0,0,0.78125,25,31.7460289,54.6875,31.25,9.698969,68.88757,16.3209076,7.3711853,58,210.000015,405.000031,0,0,26,0,0,6144,328.4414,5815.55859,5.345726,3.82900023,0.0009765625,0,89.36815,86.55914
09/30/2024 13:56:55,0,0,0,0,0,0,9.375,52.30769,60.9375,56.25,11.179388,68.86877,16.316452,7.375641,58,210.000015,405.000031,0,0,32,0,0,6144,328.4414,5815.55859,5.345726,3.81900024,0,0,89.36815,86.55914
09/30/2024 13:56:56,0,0,0,0,0,0,6.25,4.6875,1.5625,18.75,1.953125,68.7980957,16.29971,7.39238358,58,210.000015,405.000031,0,0,35,0,0,6144,328.4414,5815.55859,5.345726,3.693,0,0,89.36815,86.55914
09/30/2024 13:56:57,0,0,0,0,0,0,18.75,41.26984,73.01587,52.3809547,11.5885439,68.804245,16.3011665,7.39092636,58,210.000015,405.000031,0,0,49,0,0,6144,328.4414,5815.55859,5.345726,3.69500017,0,0,89.36815,86.55914
09/30/2024 15:34:34,0,0,0,0,0,0,0,0,0,0,0,72.4946,17.1754875,6.51660538,59,232.000015,405.000031,0,43,36,0,2,6144,300.9414,5843.05859,4.89813471,4.73100042,0.001953125,0.052734375,89.76897,86.55914
09/30/2024 15:34:35,5.46875,1.5625,0,0,0,0,1.5625,23.4375,18.75,17.4603157,4.70455265,72.00952,17.0605621,6.631531,58,255.000015,405.000031,0,0,25,0,0,6144,308.4414,5835.55859,5.020205,4.4090004,0.0078125,0.0009765625,89.76897,86.55914
09/30/2024 15:34:37,16.9230766,2.30768919,2.30768919,3.8461566,2.30768919,0,82.8125,80,82.8125,81.8181839,23.92674,70.56484,16.7182884,6.97380447,59,270,405.000031,0,0,8,0,0,6144,293.4414,5850.55859,4.7760644,4.375,0.015625,0,89.76897,86.55914
09/30/2024 15:34:38,3.8461566,0,0,0,0,0,100,100,100,100,25.48077,70.16707,16.6240463,7.06804657,59,270,405.000031,0,0,20,0,0,6144,293.4414,5850.55859,4.7760644,3.93100023,0.015625,0,89.76897,86.55914
09/30/2024 15:34:39,6.25,0,0,0,0,0,100,100,100,100,25.78125,69.55791,16.4797249,7.212368,59,210.000015,405.000031,0,2,13,0,0,6144,293.4414,5850.55859,4.7760644,4.09500027,0.046875,0,89.76897,86.55914
09/30/2024 15:34:40,12.5,1.5625,0,0.78125,0,0.78125,100,86.15385,88.70968,78.125,24.0149078,64.44379,15.2680817,8.424011,59,210.000015,405.000031,0,1,13,0,0,6144,293.5664,5850.43359,4.778099,3.88100028,0,0,89.76897,86.55914
09/30/2024 15:34:41,10.15625,3.125,2.34375,0.78125,1.5625,0.78125,34.375,18.75,57.5757561,49.2307663,12.3394728,64.15152,15.1988373,8.493256,59,210.000015,405.000031,0,0,18,0,0,6144,293.5664,5850.43359,4.778099,3.89600015,0,0,89.76897,86.55914
09/30/2024 15:34:42,3.125,0.78125,0,0,0,0,46.0317421,50.7936478,60.3174553,52.3809547,13.5835171,63.9878654,15.1600647,8.532028,59,210.000015,405.000031,0,0,34,0,0,6144,293.5664,5850.43359,4.778099,3.87800026,0,0,89.76897,86.55914
09/30/2024 15:34:43,0.7692337,0.7692337,0,0,0,0,86.15385,86.36364,92.30769,93.93939,22.6150932,63.94359,15.1495743,8.542519,59,210.000015,405.000031,0,0,37,0,0,6144,293.5664,5850.43359,4.778099,3.88,0,0,89.76897,86.55914
09/30/2024 15:34:44,3.90625,0,0,0,0.78125,0,79.6875,76.1904755,76.92308,84.12698,20.3939381,63.90121,15.139534,8.552559,59,210.000015,405.000031,0,0,17,0,0,6144,293.5664,5850.43359,4.778099,3.87300014,0,0,89.76897,86.55914
09/30/2024 15:34:45,10.15625,0.78125,2.34375,0.78125,0,0,64.61538,76.5625,87.5,72.30769,20.5694084,64.21857,15.2147217,8.477371,59,210.000015,405.000031,0,1,23,0,0,6144,295.035156,5848.965,4.80200434,4.441,0,0,89.76897,86.55914
09/30/2024 15:34:46,1.5625,0.78125,0,0,0,0,32.8125,53.8461571,46.875,43.75,11.3731976,64.21535,15.2139587,8.478134,59,210.000015,405.000031,0,0,18,0,0,6144,295.035156,5848.965,4.80200434,3.89900017,0,0,89.76897,86.55914
09/30/2024 15:34:47,0,0.78125,0,0.78125,0,0,19.0476189,23.8095226,29.6875,15.8730145,5.72142029,64.1946259,15.2090492,8.483044,59,210.000015,405.000031,0,0,23,0,0,6144,295.035156,5848.965,4.80200434,3.84900022,0,0,89.76897,86.55914
09/30/2024 15:34:48,2.34375,0,0,0,0,0,48.4375,84.375,100,100,21.09375,64.15445,15.1995316,8.492561,59,210.000015,405.000031,0,0,17,0,0,6144,295.035156,5848.965,4.80200434,3.87900019,0,0,89.76897,86.55914
09/30/2024 15:34:49,3.90625,0,0,0,0,0,100,100,100,100,25.4882813,64.14046,15.1962166,8.495876,59,210.000015,405.000031,0,0,10,0,0,6144,295.035156,5848.965,4.80200434,3.834,0,0,89.76897,86.55914
09/30/2024 15:34:50,1.5625,0,0,0,0,0,78.46154,83.07693,83.07693,86.15385,20.8683968,64.11807,15.1909142,8.501179,59,210.000015,405.000031,0,0,19,0,0,6144,295.035156,5848.965,4.80200434,3.86200023,0,0,89.76897,86.55914
09/30/2024 15:34:51,0,0,0,0,0,0,1.5625,0,34.375,18.75,3.41796875,64.0688858,15.17926,8.512833,59,210.000015,405.000031,0,0,34,0,0,6144,295.035156,5848.965,4.80200434,3.90100026,0,0,89.76897,86.55914
09/30/2024 15:34:52,0,0.78125,0,0,0,0,1.5625,7.936507,0,15.625,1.66790485,64.061615,15.177536,8.514557,59,210.000015,405.000031,0,0,22,0,0,6144,295.035156,5848.965,4.80200434,3.92,0,0,89.76897,86.55914
09/30/2024 15:34:53,0,2.34375,0.78125,0,0.78125,0,66.6666641,64.0625,95.3125,90.625,20.27995,64.06462,15.1782494,8.513844,59,210.000015,405.000031,0,0,17,0,0,6144,295.035156,5848.965,4.80200434,3.84600019,0,0,89.76897,86.55914
09/30/2024 15:34:54,0,1.5625,0,0,0,0,100,100,100,100,25.1953125,64.06554,15.1784668,8.513626,59,210.000015,405.000031,0,0,9,0,0,6144,295.035156,5848.965,4.80200434,3.89400029,0,0,89.76897,86.55914
09/30/2024 15:34:55,0,0,0,0,0,0,64.61538,68.75,92.1875,84.61539,19.3855171,64.06287,15.1778336,8.514259,59,210.000015,405.000031,0,0,12,0,0,6144,295.035156,5848.965,4.80200434,3.874,0,0,89.76897,86.55914
09/30/2024 15:34:56,1.5625,0.78125,0,0,0,0,6.25,10.76923,24.6153831,0,2.89513469,63.8661575,15.1312294,8.56086349,59,210.000015,405.000031,0,0,25,0,0,6144,295.035156,5848.965,4.80200434,3.887,0,0,89.76897,86.55914
09/30/2024 15:34:57,0,3.90625,0,0.78125,0,0,9.375,21.875,7.8125,4.6875,3.3203125,63.8100433,15.1179352,8.574158,59,210.000015,405.000031,0,0,9,0,0,6144,295.035156,5848.965,4.80200434,3.89,0,0,89.76897,86.55914
09/30/2024 15:34:58,0,0,0,0,0,0,18.75,46.0317421,39.6825371,65.625,10.6305838,63.81687,15.1195526,8.57254,59,210.000015,405.000031,0,0,27,0,0,6144,295.035156,5848.965,4.80200434,3.86800027,0,0,89.76897,86.55914
09/30/2024 15:34:59,0,0,0,0,0,0,85.71429,93.84615,93.84615,98.4375,23.24025,63.81452,15.1189957,8.573097,59,210.000015,405.000031,0,0,21,0,0,6144,295.035156,5848.965,4.80200434,3.81400013,0,0,89.76897,86.55914
09/30/2024 15:35:00,0,0,0.78125,0,0,0,32.30769,64.0625,56.25,65.625,13.7379827,63.8130074,15.1186371,8.573456,59,210.000015,405.000031,0,0,23,0,0,6144,295.035156,5848.965,4.80200434,3.84800029,0,0,89.76897,86.55914
09/30/2024 15:35:01,0.7692337,0.7692337,1.53846145,0,0.7692337,0,1.53846145,33.8461533,24.6153831,15.3846149,5.19230938,63.85803,15.129303,8.56279,59,210.000015,405.000031,0,30,34,0,1,6144,298.035156,5845.965,4.85083246,4.112,0.0068359375,0.0009765625,89.48665,86.55914
09/30/2024 15:35:02,0.78125,0,0,0.78125,0,0,17.4603157,42.1875,15.625,18.75,6.07174,63.7026329,15.0924873,8.599606,59,232.000015,405.000031,0,0,35,0,0,6144,298.035156,5845.965,4.85083246,4.361,0,0,89.48665,86.55914
09/30/2024 15:35:03,0,0,0,0,0,0,6.153846,18.75,23.8095226,28.125,4.80239964,63.69431,15.0905151,8.601578,59,210.000015,405.000031,0,0,7,0,0,6144,298.035156,5845.965,4.85083246,3.91100025,0,0,89.48665,86.55914
09/30/2024 15:35:04,0,0,0,0,0,0,58.73016,71.42857,93.75,96.875,20.0489826,63.6961,15.0909386,8.601154,59,210.000015,405.000031,0,0,7,0,0,6144,298.035156,5845.965,4.85083246,3.821,0,0,89.48665,86.55914
09/30/2024 15:35:05,0,0,0,0,0.78125,0,55.5555573,82.8125,96.875,90.625,20.4644089,63.69589,15.090889,8.601204,59,210.000015,405.000031,0,0,28,0,0,6144,298.035156,5845.965,4.85083246,3.86600018,0,0,89.48665,86.55914
09/30/2024 15:35:06,1.5625,0,0,0,0,0.78125,13.6363621,41.53846,56.92308,53.125,10.6194019,63.6898155,15.0894508,8.602642,59,210.000015,405.000031,0,0,16,0,0,6144,297.972656,5846.02734,4.84981537,3.79300022,0,0,89.48665,86.55914
09/30/2024 15:35:07,0,0,0,0,0,0,7.8125,6.25,1.5625,1.5625,1.07421875,63.675972,15.08617,8.605923,58,210.000015,405.000031,0,0,21,0,0,6144,297.972656,5846.02734,4.84981537,3.88100028,0,0,89.48665,86.55914
09/30/2024 15:35:08,0,0.78125,0.78125,0,0,0,6.349206,12.5,7.8125,6.25,2.25229263,63.68233,15.087677,8.604416,58,225.000015,405.000031,0,43,37,0,1,6144,296.097656,5847.90234,4.819298,4.18700027,0.001953125,0,89.48665,86.55914
09/30/2024 15:35:09,0,0,0,0,0,0,51.5625,87.5,71.42857,85.71429,18.5128326,63.68257,15.0877342,8.604359,58,225.000015,405.000031,0,0,14,0,0,6144,296.097656,5847.90234,4.819298,4.046,0,0,89.48665,86.55914
09/30/2024 15:35:10,0.78125,0,0,0,0,0,80,90.625,98.4375,96.92308,22.971756,63.6861954,15.0885925,8.6035,58,210.000015,405.000031,0,0,11,0,0,6144,296.097656,5847.90234,4.819298,3.8360002,0,0,89.48665,86.55914
09/30/2024 15:35:11,1.5625,0,2.34375,0,0,0,23.4375,79.6875,83.87097,76.1904755,16.9374352,63.6804161,15.0872231,8.60487,58,240.000015,405.000031,0,17,22,0,0,6144,293.597656,5850.40234,4.778608,4.59400034,0.0029296875,0,89.48665,86.55914
09/30/2024 15:35:12,4.6875,3.8461566,0.78125,0,1.5625,1.5625,15.625,42.1875,22.38806,24.6153831,8.105988,64.22296,15.2157631,8.47633,59,240.000015,405.000031,0,19,32,0,0,6144,309.535156,5834.465,5.03800726,4.663,0.0009765625,0,89.48665,86.55914
09/30/2024 15:35:13,2.34375,1.5625,2.34375,1.5625,0.78125,1.5625,44.4444427,46.0317421,71.875,60.9375,15.2250767,65.42615,15.500824,8.191269,59,262,405.000031,0,9,16,0,0,6144,321.4414,5822.55859,5.231794,4.802,0,0,89.48665,86.55914
09/30/2024 15:35:14,5.555558,8.730162,3.96825075,5.555558,3.174603,2.38095522,100,100,98.4375,100,28.5729771,67.2868,15.94165,7.7504425,59,262,405.000031,0,0,25,0,0,6144,310.1914,5833.80859,5.04868841,3.91900015,0,0,89.48665,86.55914
09/30/2024 15:35:15,6.1899066,5.46875,5.384612,5.384612,0.7692337,0.7692337,100,100,100,100,27.9957943,68.22615,16.1642036,7.52788925,59,210.000015,405.000031,0,0,15,0,0,6144,310.1914,5833.80859,5.04868841,3.89,0,0,89.48665,86.55914
09/30/2024 15:35:16,4.6274066,0.78125,3.125,1.5625,0.78125,0.78125,100,100,100,100,26.4573326,69.10729,16.372963,7.31913,60,210.000015,405.000031,0,5,20,0,0,6144,301.3789,5842.621,4.905256,3.97100019,0.015625,0,89.48665,86.55914
09/30/2024 15:35:17,0,0,1.5625,0.78125,0.78125,0,100,100,100,100,25.390625,69.5663147,16.4817162,7.21037674,60,210.000015,405.000031,0,0,11,0,0,6144,301.3789,5842.621,4.905256,4.056,0,0,89.48665,86.55914
09/30/2024 15:35:18,0.7692337,0,0,0.78125,0,0,100,100,100,100,25.19381,69.9793243,16.579567,7.112526,60,210.000015,405.000031,0,0,14,0,0,6144,301.3789,5842.621,4.905256,4.013,0,0.0009765625,89.48665,86.55914
09/30/2024 15:35:19,6.25,1.5625,1.5625,0,0,0,100,100,100,100,26.171875,70.21418,16.6352081,7.056885,60,210.000015,405.000031,0,0,11,0,0,6144,301.3789,5842.621,4.905256,4.04,0.015625,0,89.48665,86.55914
09/30/2024 15:35:20,0,0.7692337,0,0,0,0,100,100,100,100,25.0961533,71.027916,16.828,6.864094,60,210.000015,405.000031,0,0,7,0,0,6144,301.3789,5842.621,4.905256,4.07300043,0.015625,0,89.48665,86.55914
09/30/2024 15:35:21,0,0,0,0.7692337,0,0.7692337,100,100,100,100,25.1923084,71.63472,16.9717636,6.72032928,61,210.000015,405.000031,0,0,16,0,0,6144,301.3789,5842.621,4.905256,4.018,0,0,89.48665,86.55914
09/30/2024 15:35:22,1.58730149,0,1.57489777,0.78125,2.36855149,4.74950075,100,100,100,100,26.3826847,72.38527,17.1495857,6.542507,61,210.000015,405.000031,0,0,7,0,0,6144,301.3789,5842.621,4.905256,4.06200027,0,0,89.48665,86.55914
09/30/2024 15:35:23,0,0,0,0,0,1.5504837,100,100,100,100,25.19381,72.65788,17.2141724,6.47792053,61,210.000015,405.000031,0,0,10,0,0,6144,301.3789,5842.621,4.905256,4.06100035,0,0,89.48665,86.55914
09/30/2024 15:35:24,0.7692337,0,0,0,0,0,100,100,100,100,25.0961533,72.89991,17.2715149,6.420578,61,210.000015,405.000031,0,0,17,0,0,6144,301.3789,5842.621,4.905256,4.044,0,0,89.48665,86.55914
09/30/2024 15:35:25,0.78125,0,0,0,0,0,100,100,100,100,25.0976563,72.2705,17.1223946,6.56969833,61,210.000015,405.000031,0,0,16,0,0,6144,301.3789,5842.621,4.905256,3.94800019,0,0,89.48665,86.55914
09/30/2024 15:35:26,0,0,0,0,0,0,100,100,100,100,25,72.3227158,17.1347656,6.55732727,61,210.000015,405.000031,0,0,17,0,0,6144,301.3789,5842.621,4.905256,4.02,0,0,89.48665,86.55914
09/30/2024 15:35:27,0,0.78125,0,5.46875,0,0,100,100,100,100,25.78125,72.0476456,17.0695953,6.62249756,61,210.000015,405.000031,0,0,19,0,0,6144,301.3789,5842.621,4.905256,3.874,0,0,89.48665,86.55914
09/30/2024 15:35:28,0,0,0.78125,6.25,0,0,100,100,100,100,25.8789063,71.9652557,17.0500755,6.64201736,61,210.000015,405.000031,0,0,18,0,0,6144,301.3789,5842.621,4.905256,3.98400021,0,0,89.48665,86.55914
09/30/2024 15:35:29,0.78125,0,0,5.46875,0.78125,0,100,100,100,100,25.8789063,72.00941,17.0605354,6.63155746,61,210.000015,405.000031,0,4,15,0,0,6144,301.3789,5842.621,4.905256,4.02700043,0,0,89.48665,86.55914
09/30/2024 15:35:30,0,0.78125,0,8.59375,0,0,100,100,100,100,26.171875,71.8915253,17.032608,6.659485,61,210.000015,405.000031,0,0,10,0,0,6144,301.3789,5842.621,4.905256,4.017,0.015625,0,89.48665,86.55914
09/30/2024 15:35:31,2.34375,0,0,4.6875,0,0.78125,100,100,100,100,25.9765625,71.85672,17.02436,6.66773224,61,210.000015,405.000031,0,0,15,0,0,6144,301.3789,5842.621,4.905256,3.99000025,0.017578125,0,89.49228,86.55914
09/30/2024 15:35:32,3.125,0,0,0,0,0,100,100,100,100,25.390625,72.0527344,17.0708,6.621292,61,210.000015,405.000031,0,0,20,0,0,6144,301.3789,5842.621,4.905256,4.006,0.015625,0,89.49228,86.55914
09/30/2024 15:35:33,0,0,0,0,0,0,100,100,100,100,25,72.0493,17.0699883,6.62210464,61,210.000015,405.000031,0,3,19,0,0,6144,301.3789,5842.621,4.905256,4.057,0.015625,0,89.49228,86.55914
09/30/2024 15:35:34,0,0.78125,0,0,0,0,100,100,100,100,25.0976563,72.07077,17.0750732,6.61701965,61,210.000015,405.000031,0,0,8,0,0,6144,301.3789,5842.621,4.905256,4.004,0.015625,0,89.49228,86.55914
09/30/2024 15:35:35,0,0,0,0,0,0,100,100,100,100,25,72.06951,17.0747757,6.617317,61,210.000015,405.000031,0,0,8,0,0,6144,301.3789,5842.621,4.905256,3.94900012,0,0,89.49228,86.55914
09/30/2024 15:35:36,0,0,0,0,0,0,100,100,100,100,25,72.1124039,17.084938,6.607155,60,210.000015,405.000031,0,0,30,0,0,6144,301.3789,5842.621,4.905256,3.9,0,0,89.49228,86.55914
09/30/2024 15:35:37,0,0,0,0.78125,0,0,100,100,100,100,25.0976563,71.93885,17.04382,6.64827347,60,210.000015,405.000031,0,0,14,0,0,6144,301.3789,5842.621,4.905256,3.90100026,0,0,89.49228,86.55914
09/30/2024 15:35:38,0,0,0,0,0,0,100,100,100,100,25,71.9156342,17.0383186,6.65377426,60,210.000015,405.000031,0,0,18,0,0,6144,301.3789,5842.621,4.905256,3.90800023,0,0,89.49228,86.55914
09/30/2024 15:35:39,0,0.78125,0,0,0,0,100,100,100,100,25.0976563,71.8074951,17.0127,6.679394,60,210.000015,405.000031,0,0,9,0,0,6144,301.3789,5842.621,4.905256,3.87100029,0,0,89.49228,86.55914
09/30/2024 15:35:40,1.449275,4.347825,0,0,0,0,100,100,100,100,25.724638,72.02501,17.0642319,6.627861,60,210.000015,405.000031,0,14,23,0,2,6144,306.4414,5837.55859,4.98765326,4.02100039,0.396484375,0.0009765625,89.49228,86.55914
09/30/2024 15:35:41,1.69491768,0,0.847458839,0,0,0,100,100,100,100,25.3178,72.3776245,17.1477737,6.544319,60,270,405.000031,0,33,35,0,0,6144,313.6289,5830.371,5.104637,5.12500048,0,0,89.49228,86.55914
09/30/2024 15:35:42,0.78125,0,0,0,0,0,100,100,100,100,25.0976563,72.40033,17.1531525,6.53894043,60,270,405.000031,0,3,10,0,0,6144,328.6914,5815.30859,5.349795,4.254,0,0,89.49228,86.55914
09/30/2024 15:35:43,0,0,0,0,0.78125,0,100,100,100,100,25.0976563,72.1056061,17.0833282,6.60876465,60,217.000015,405.000031,0,11,18,0,6,6144,311.6914,5832.30859,5.07310247,4.184,0,0.0009765625,89.49228,86.55914
09/30/2024 15:35:44,2.36855149,1.5625,0,1.5625,0,1.5625,100,100,100,100,25.8820057,71.60002,16.9635429,6.72855,60,217.000015,405.000031,0,0,21,0,0,6144,311.8789,5832.121,5.076154,4.3300004,0,0,89.49228,86.55914
09/30/2024 15:35:45,3.125,2.36855149,0,2.3317337,0,0,100,100,100,100,25.97816,72.5418549,17.1866837,6.50540924,60,210.000015,405.000031,0,6,29,0,2,6144,311.8789,5832.121,5.076154,3.93700027,0,0,89.49228,86.55914
09/30/2024 15:35:46,0.7692337,5.303031,0,0.78125,0,0,100,100,100,100,25.8566856,73.52411,17.4194,6.27269363,60,607,810.000061,0,39,19,0,21,6144,335.5664,5808.43359,5.461693,5.62800026,0.930664063,0.111328125,89.49228,86.55914
09/30/2024 15:35:47,1.5625,1.5625,2.34375,0,0,0,100,100,100,100,25.6835938,73.4981842,17.4132576,6.2788353,60,705.000061,810.000061,0,38,21,0,20,6144,361.3164,5782.68359,5.88080072,6.36100054,1.3125,0.19921875,89.49228,86.55914
09/30/2024 15:35:48,5.46875,0,0,0,0,0.78125,100,100,100,100,25.78125,73.49069,17.4114838,6.280609,61,915.000061,5500.992,0,15,4,0,7,6144,377.0664,5766.93359,6.13714838,7.38200045,1.76074219,0.147460938,89.49228,86.55914
09/30/2024 15:35:49,3.076923,0,1.53846145,0,0.7692337,0,100,100,100,100,25.6730728,73.3601151,17.3805466,6.31154633,61,915.000061,5500.992,0,15,4,0,7,6144,356.8164,5787.18359,5.80755854,7.4470005,1.24316406,0.159179688,89.49228,86.55914
09/30/2024 15:35:50,0,2.34375,0.78125,0.78125,0.78125,0.78125,100,100,100,100,25.6835938,73.27417,17.3601837,6.331909,60,532,810.000061,0,43,23,0,23,6144,354.2539,5789.746,5.7658515,5.973,0.8720703,0.146484375,89.49228,86.55914
09/30/2024 15:35:51,0,0,1.5625,0,1.5625,0.78125,100,100,100,100,25.4882813,73.24929,17.35429,6.337803,61,645.000061,810.000061,0,44,24,0,22,6144,354.2539,5789.746,5.7658515,6.209,1.12695313,0.154296875,89.49228,86.55914
09/30/2024 15:35:52,0,0.78125,2.34375,1.5625,0,0,100,100,100,100,25.5859375,73.18118,17.3381538,6.353939,61,870.000061,5500.992,0,16,4,0,8,6144,356.8164,5787.18359,5.80755854,7.41300058,1.75097656,0.19921875,89.49228,86.55914
09/30/2024 15:35:53,0.78125,3.125,0,0.78125,0.78125,1.5625,100,100,100,100,25.8789063,73.13792,17.3279037,6.364189,61,870.000061,5500.992,0,14,3,0,6,6144,332.0664,5811.93359,5.40472651,7.431,0.8730469,0.09472656,89.49228,86.55914
09/30/2024 15:35:54,1.5625,4.6875,0.7692337,0.78125,0.78125,0.78125,100,100,100,100,26.170372,73.4512939,17.40215,6.2899437,61,367.000031,810.000061,0,21,11,0,14,6144,348.0664,5795.93359,5.66514349,4.945,0.8496094,0.09472656,89.49228,86.55914
09/30/2024 15:35:55,0.78125,0,0.78125,0.78125,0,0.78125,100,100,100,100,25.390625,73.44417,17.40046,6.29163361,61,292,810.000061,0,18,8,0,14,6144,348.0664,5795.93359,5.66514349,4.729,0.42578125,0.09472656,89.49228,86.55914
09/30/2024 15:35:56,0.78125,0.78125,0,0,0,0,100,100,100,100,25.1953125,73.4130554,17.39309,6.2990036,60,262,405.000031,0,33,19,0,28,6144,348.0664,5795.93359,5.66514349,4.72500038,0.8515625,0.09375,89.49228,86.55914
09/30/2024 15:35:57,0,0,0,0,0,0,100,100,100,100,25,73.40437,17.3910332,6.30105972,60,240.000015,405.000031,0,33,15,0,28,6144,348.0664,5795.93359,5.66514349,4.728,0.8515625,0.087890625,89.49228,86.55914
09/30/2024 15:35:58,0.78125,0,0,0,0,0,100,100,100,100,25.0976563,73.27414,17.3601761,6.331917,60,225.000015,405.000031,0,33,20,0,28,6144,348.0664,5795.93359,5.66514349,4.813,0.850585938,0.09472656,89.49228,86.55914
09/30/2024 15:35:59,1.5625,0.78125,0,0.78125,0,0,100,100,100,100,25.390625,73.21772,17.34681,6.34528351,60,300,405.000031,0,0,19,0,0,6144,348.0664,5795.93359,5.66514349,4.56100035,0,0,89.49228,86.55914
09/30/2024 15:36:00,0,0,0,0,0,0,100,100,100,100,25,72.9719,17.28857,6.40352249,60,300,405.000031,0,0,43,0,0,6144,348.0664,5795.93359,5.66514349,4.223,0,0,89.49228,86.55914
09/30/2024 15:36:01,0,0,0,0,0,0,100,100,100,100,25,72.9607544,17.28593,6.40616226,60,210.000015,405.000031,0,2,25,0,0,6144,348.0664,5795.93359,5.66514349,3.716,0,0,89.49097,86.55914
09/30/2024 15:36:02,0,0,0,0,0,0,100,100,100,100,25,72.8671951,17.2637634,6.42832947,60,210.000015,405.000031,0,0,28,0,0,6144,348.0664,5795.93359,5.66514349,3.83900023,0,0,89.49097,86.55914
09/30/2024 15:36:03,0,0,0,0,0,0,100,100,100,100,25,72.6236649,17.2060661,6.486027,60,210.000015,405.000031,0,0,42,0,0,6144,348.5664,5795.43359,5.673281,3.66,0.0576171875,0.0068359375,89.49097,86.55914
09/30/2024 15:36:04,1.5625,3.08893919,0,0.78125,0.78125,0,100,100,100,100,25.7767448,72.59146,17.1984367,6.493656,60,210.000015,405.000031,0,26,30,0,12,6144,316.5664,5827.43359,5.152448,4.29900026,0.428710938,0.046875,89.49097,86.55914
09/30/2024 15:36:05,0,5.46875,0,0.78125,0,0.78125,100,100,100,100,25.8789063,72.65178,17.2127266,6.4793663,60,262,405.000031,0,19,31,0,16,6144,316.6914,5827.30859,5.15448236,4.86300039,0.4296875,0.0478515625,89.49097,86.55914
09/30/2024 15:36:06,3.03030014,0.78125,0,0,0,0,100,100,100,100,25.4764442,72.63566,17.2089081,6.483185,60,510.000031,810.000061,0,31,20,0,14,6144,316.6914,5827.30859,5.15448236,5.44900036,0.8515625,0.09472656,89.49097,86.55914
09/30/2024 15:36:07,0,0,0.78125,0,0.78125,0,100,100,100,100,25.1953125,72.51313,17.1798782,6.51221466,60,510.000031,810.000061,0,31,20,0,14,6144,316.6914,5827.30859,5.15448236,5.28600025,0.8564453,0.09472656,89.49097,86.55914
09/30/2024 15:36:08,0,0.78125,0,0,0,0,100,100,100,100,25.0976563,72.60019,17.2005043,6.49158859,60,675.000061,810.000061,0,34,21,0,14,6144,316.6914,5827.30859,5.15448236,5.50200033,0.86328125,0.07910156,89.49097,86.55914
09/30/2024 15:36:09,3.90625,2.34375,0.78125,2.34375,1.57489777,0,100,100,100,100,26.3687363,72.84647,17.2588539,6.433239,60,675.000061,810.000061,0,21,9,0,15,6144,316.6914,5827.30859,5.15448236,5.092,0.0009765625,0,89.49097,86.55914
09/30/2024 15:36:10,3.125,0,0,0,0,0,100,100,100,100,25.390625,72.90996,17.2738953,6.41819763,60,322.000031,405.000031,0,0,25,0,0,6144,316.6914,5827.30859,5.15448236,4.137,0,0.046875,89.49097,86.55914
09/30/2024 15:36:11,1.5625,0,0,0,0,0,100,100,100,100,25.1953125,73.04498,17.3058853,6.38620758,60,210.000015,405.000031,0,0,26,0,0,6144,316.6914,5827.30859,5.15448236,3.897,0,0,89.49097,86.55914
09/30/2024 15:36:12,0,0,0,0,0,0,100,100,100,100,25,73.02564,17.3013039,6.390789,59,210.000015,405.000031,0,0,44,0,0,6144,316.6914,5827.30859,5.15448236,3.89800024,0,0,89.49097,86.55914
09/30/2024 15:36:13,1.5625,4.6875,1.5625,0,0,0,100,100,100,100,25.9765625,73.0469,17.30634,6.38575363,60,210.000015,405.000031,0,16,18,0,7,6144,316.6914,5827.30859,5.15448236,3.89100027,0,0,89.49097,86.55914
09/30/2024 15:36:14,1.5625,1.5625,0.78125,0.78125,0,0,100,100,100,100,25.5859375,73.09582,17.3179283,6.37416458,59,210.000015,405.000031,0,21,31,0,7,6144,308.0039,5835.996,5.01308441,4.32400036,0.0302734375,0,89.49097,86.55914
09/30/2024 15:36:15,0,0,0,0,0,0,100,100,100,100,25,73.0303955,17.30243,6.3896637,59,247.000015,405.000031,0,0,27,0,0,6144,308.0039,5835.996,5.01308441,4.182,0,0.0009765625,89.49097,86.55914
09/30/2024 15:36:16,1.5625,0.78125,0.78125,0,0.78125,0,100,100,100,100,25.4882813,73.28702,17.3632278,6.328865,59,262,405.000031,0,0,8,0,0,6144,307.7539,5836.246,5.00901556,4.162,0,0,89.49097,86.55914
09/30/2024 15:36:17,0,0,0,0,0,0,100,100,100,100,25,73.24596,17.3535,6.33859253,59,262,405.000031,0,0,36,0,0,6144,307.7539,5836.246,5.00901556,4.102,0,0,89.49097,86.55914
09/30/2024 15:36:18,0,0,0,0,0,0,100,100,100,100,25,73.19941,17.3424721,6.349621,59,210.000015,405.000031,0,0,45,0,0,6144,307.7539,5836.246,5.00901556,3.66600013,0,0,89.49097,86.55914
09/30/2024 15:36:19,7.03125,0.78125,0,1.5625,0,3.125,100,100,100,100,26.5625,73.300705,17.36647,6.32562256,59,292,405.000031,0,56,36,0,26,6144,307.7539,5836.246,5.00901556,4.09300041,0.8642578,0.09277344,89.49097,86.55914
09/30/2024 15:36:20,5.46875,6.25,2.34375,0.78125,0,0.78125,100,100,100,100,26.953125,73.2764053,17.360714,6.331379,59,427.000031,810.000061,0,31,18,0,15,6144,307.7539,5836.246,5.00901556,5.10600042,0,0,89.49097,86.55914
09/30/2024 15:36:21,0.78125,0,0,0,0,0,100,100,100,100,25.0976563,73.2154,17.34626,6.345833,59,262,405.000031,0,10,7,0,14,6144,307.7539,5836.246,5.00901556,4.459,0,0,89.49097,86.55914
09/30/2024 15:36:22,0,0,0,0,0,0,100,100,100,100,25,73.18369,17.3387489,6.353344,59,210.000015,405.000031,0,14,23,0,5,6144,307.4414,5836.55859,5.003929,4.361,0,0,89.49097,86.55914
09/30/2024 15:36:23,0,0,0,0,0,0,100,100,100,100,25,72.48552,17.173336,6.518757,59,210.000015,405.000031,0,35,30,0,15,6144,308.7539,5835.246,5.02529144,4.399,0.85546875,0.09472656,89.49097,86.55914
09/30/2024 15:36:24,0,0,0,0,0,0,100,100,100,100,25,72.12384,17.0876465,6.60444641,59,457.000031,810.000061,0,55,36,0,12,6144,309.0039,5834.996,5.02936029,4.826,0.8691406,0.09472656,89.49097,86.55914
09/30/2024 15:36:25,0,0,0,0,0,0,100,100,100,100,25,72.06457,17.0736046,6.61848831,59,457.000031,810.000061,0,0,4,0,0,6144,309.2539,5834.746,5.03342962,4.197,0.868164063,0.09472656,89.49097,86.55914
09/30/2024 15:36:26,0,0,0,0,0,0,100,100,100,100,25,72.17697,17.100235,6.591858,59,330.000031,405.000031,0,37,30,0,16,6144,309.2539,5834.746,5.03342962,4.80400038,0,0,89.49097,86.55914
09/30/2024 15:36:27,0,0,0,0,0,0,81.53846,64.0625,73.4375,75.38461,18.4014435,71.52536,16.9458542,6.74623871,59,420.000031,405.000031,0,26,33,0,12,6144,309.2539,5834.746,5.03342962,4.893,0.427734375,0.0478515625,89.49097,86.55914
09/30/2024 15:36:28,0,0,0,0,0,0,15.625,33.8461533,48.4375,54.83871,9.546715,71.56788,16.9559288,6.736164,59,540,810.000061,0,15,11,0,7,6144,309.2539,5834.746,5.03342962,4.866,0,0.0478515625,89.49097,86.55914
09/30/2024 15:36:29,0.78125,0,0,0,0,0,41.26984,70.3125,31.25,63.636364,13.001955,71.4526749,16.9286346,6.76345825,59,397.000031,405.000031,0,22,9,0,33,6144,309.2539,5834.746,5.03342962,4.565,0,0.046875,89.49097,86.55914
09/30/2024 15:36:30,0,0,0.78125,0,0,0,52.30769,41.26984,54.6875,71.875,13.856411,71.2018356,16.8692055,6.82288742,59,307,405.000031,0,38,21,0,31,6144,309.2539,5834.746,5.03342962,4.30500031,0,0.06640625,89.49097,86.55914
09/30/2024 15:36:31,0.78125,0,0,0,0,0,35.9375,41.53846,7.8125,42.85714,8.106756,71.29091,16.8903084,6.80178452,59,217.000015,405.000031,0,0,22,0,0,6144,309.2539,5834.746,5.03342962,4.168,0.478515625,0.087890625,89.48924,86.55914
09/30/2024 15:36:32,3.90625,0,0,0,0,0,33.8709641,42.1875,66.6666641,43.75,12.1429806,71.2883,16.88969,6.8024025,59,210.000015,405.000031,0,0,24,0,0,6144,309.2539,5834.746,5.03342962,4.0010004,0,0,89.48924,86.55914
09/30/2024 15:36:33,0.78125,0.78125,0,0,0,0,56.0606079,44.4444427,56.25,68.75,14.2893791,71.2880554,16.8896332,6.80245972,59,240.000015,405.000031,0,45,34,0,21,6144,309.2539,5834.746,5.03342962,4.42200041,0,0,89.48924,86.55914
09/30/2024 15:36:34,0.78125,4.6875,2.34375,0.78125,0.78125,0,84.375,75.38461,85.9375,76.5625,21.3131,71.18314,16.8647766,6.82731628,59,240.000015,405.000031,0,8,26,0,2,6144,309.2539,5834.746,5.03342962,4.235,0.84765625,0.046875,89.48924,86.55914
09/30/2024 15:36:35,0.78125,2.34375,1.5625,7.03125,0,0,29.6875,40.625,41.53846,60.0000038,12.2055292,70.39272,16.67751,7.01458359,59,210.000015,405.000031,0,0,19,0,0,6144,309.2539,5834.746,5.03342962,4.06200027,0.42578125,0.09472656,89.48924,86.55914
09/30/2024 15:36:36,0,0,5.46875,0.78125,0,0,38.0952377,53.125,47.6190453,38.0952377,11.8396645,70.2698059,16.6483879,7.043705,59,300,405.000031,0,0,26,0,0,6144,309.2539,5834.746,5.03342962,4.69,0,0,89.48924,86.55914
09/30/2024 15:36:37,0,0.78125,3.16220522,1.5625,0,0,49.2307663,48.4375,67.69231,52.30769,14.2925081,70.3231659,16.66103,7.031063,59,300,405.000031,0,27,20,0,23,6144,309.2539,5834.746,5.03342962,4.13300037,0,0,89.48924,86.55914
09/30/2024 15:36:38,0.78125,0,0,0.78125,0,0,26.5625,62.5,53.125,40.625,11.6210938,70.33464,16.66375,7.028343,59,210.000015,405.000031,0,10,18,0,5,6144,308.3789,5835.621,5.019188,4.22600031,0.0009765625,0,89.48924,86.55914
09/30/2024 15:36:39,1.5625,1.5625,0.78125,0,0,0,10.9375,73.4375,45.3125,42.1875,11.2304688,70.30001,16.6555443,7.03654861,59,210.000015,405.000031,0,6,18,0,5,6144,308.3789,5835.621,5.019188,3.87600017,0.236328125,0.0205078125,89.48924,86.55914
09/30/2024 15:36:40,3.125,0,0,0.78125,0,0,25,51.5625,76.5625,31.25,12.0117188,70.1496,16.6199074,7.07218552,59,210.000015,405.000031,0,0,16,0,0,6144,308.3789,5835.621,5.019188,3.89,0.0009765625,0.01171875,89.48924,86.55914
09/30/2024 15:36:41,1.5625,5.46875,0,0,0,0.7692337,77.77778,79.6875,90.625,84.12698,21.738636,70.11015,16.6105614,7.08153152,58,210.000015,405.000031,0,4,18,0,2,6144,308.3789,5835.621,5.019188,3.87300014,0,0,89.48924,86.55914
09/30/2024 15:36:42,0,0,0,0,0,0,73.4375,74.60318,77.77778,95.38461,20.07519,69.98028,16.579792,7.112301,58,210.000015,405.000031,0,0,22,0,0,6144,308.3789,5835.621,5.019188,3.88200021,0.0009765625,0,89.48924,86.55914
09/30/2024 15:36:43,0,0,0.78125,0,0,0,87.30159,93.84615,100,90.625,23.3334484,69.96314,16.5757332,7.11635971,58,210.000015,405.000031,0,5,24,0,2,6144,308.3789,5835.621,5.019188,3.94400024,0.0009765625,0,89.48924,86.55914
09/30/2024 15:36:44,1.5625,0,0,0,0,0,22.7272758,6.25,35.9375,48.4375,7.279831,69.9721451,16.5778656,7.11422729,58,210.000015,405.000031,0,3,31,0,2,6144,308.3789,5835.621,5.019188,3.95400023,0,0.0244140625,89.48924,86.55914
09/30/2024 15:36:45,0,0,0,0,0,0,31.7460289,46.0317421,50,48.4375,11.0134544,70.00132,16.5847778,7.107315,58,210.000015,405.000031,0,5,18,0,2,6144,308.3789,5835.621,5.019188,3.93400025,0.0009765625,0.046875,89.48924,86.55914
09/30/2024 15:36:46,0.78125,0,0,0,0,0,29.2307682,35.9375,43.5483856,45.3125,9.72448,70.0223,16.5897484,7.10234451,58,225.000015,405.000031,0,44,27,0,26,6144,308.3789,5835.621,5.019188,4.362,0.578125,0.08300781,89.48924,86.55914
09/30/2024 15:36:47,0,0.78125,0,0.78125,0,0,84.375,82.8125,73.8461456,93.650795,21.1130924,70.1091156,16.6103172,7.08177567,58,285,405.000031,0,36,25,0,28,6144,309.5039,5834.496,5.03749847,4.88900042,0.44140625,0.09863281,89.48924,86.55914
09/30/2024 15:36:48,0,0,0,0,0,0,98.4375,98.46154,96.92308,100,24.61388,70.0746,16.6021385,7.08995438,58,285,405.000031,0,36,19,0,28,6144,308.3789,5835.621,5.019188,4.703,0.42578125,0.09472656,89.48924,86.55914
09/30/2024 15:36:49,0,0,0,0,0,0,75.38461,62.5,59.375,75.38461,17.0402641,70.15317,16.6207542,7.07133865,58,270,405.000031,0,37,19,0,28,6144,308.3789,5835.621,5.019188,4.65400028,0,0,89.48924,86.55914
09/30/2024 15:36:50,0,0,0,0,0,0,28.125,32.30769,21.875,32.30769,7.163465,70.0973358,16.6075249,7.084568,58,210.000015,405.000031,0,5,21,0,2,6144,308.7539,5835.246,5.02529144,3.9630003,0,0,89.48924,86.55914
09/30/2024 15:36:51,1.5625,0,0.78125,0,0,0,54.6875,42.1875,83.07693,65.625,15.6415281,70.1314,16.6155968,7.076496,58,210.000015,405.000031,0,0,39,0,0,6144,308.6289,5835.371,5.023257,3.89500022,0,0,89.48924,86.55914
09/30/2024 15:36:52,0.78125,0,0,0,0,0,98.4375,89.0625,95.3125,92.06349,23.5274086,70.14639,16.6191483,7.07294464,58,210.000015,405.000031,0,1,24,0,0,6144,308.7539,5835.246,5.02529144,3.92100024,0,0,89.48924,86.55914
09/30/2024 15:36:53,0,0,0,0,0,0,78.125,82.53968,82.53968,82.8125,20.37605,70.10329,16.6089363,7.08315659,58,210.000015,405.000031,0,0,18,0,0,6144,308.7539,5835.246,5.02529144,3.854,0,0.001953125,89.48924,86.55914
09/30/2024 15:36:54,0,0,0,0,0,0,28.5714264,26.1538448,6.153846,39.9999962,6.30494356,70.0562057,16.5977821,7.09431076,58,210.000015,405.000031,0,0,29,0,0,6144,308.7539,5835.246,5.02529144,3.84000015,0.0302734375,0.001953125,89.48924,86.55914
09/30/2024 15:36:55,0,0,0,0,0,0.78125,9.375,17.1875,45.3125,22.2222214,5.978733,70.05365,16.5971756,7.0949173,58,210.000015,405.000031,0,4,16,0,2,6144,309.3789,5834.621,5.035464,3.95200014,0,0,89.48924,86.55914
09/30/2024 15:36:56,0,0,0,0,0,0.78125,90.625,85.71429,96.875,100,23.4235458,70.0315552,16.5919418,7.100151,58,210.000015,405.000031,0,0,34,0,0,6144,309.7539,5834.246,5.04156733,3.8150003,0.0361328125,0.001953125,89.48924,86.55914
09/30/2024 15:36:57,0,0,0,0,0,0,100,100,100,100,25,70.03341,16.59238,7.09971237,58,210.000015,405.000031,0,0,26,0,0,6144,309.7539,5834.246,5.04156733,3.87800026,0.001953125,0.0478515625,89.48924,86.55914
09/30/2024 15:36:58,0.78125,0,0,0,0,0,85.9375,96.875,98.4375,98.4375,23.828125,70.00313,16.5852051,7.106888,58,210.000015,405.000031,0,0,16,0,0,6144,308.3164,5835.68359,5.018171,3.93200016,0,0,89.48924,86.55914
09/30/2024 15:36:59,0,0,0,0,0.78125,0,6.25,4.6875,51.5625,31.25,5.95703125,69.9455261,16.57156,7.120533,58,210.000015,405.000031,0,0,23,0,0,6144,308.6914,5835.30859,5.02427435,3.877,0,0.0009765625,89.48924,86.55914
09/30/2024 15:37:00,0,0,0,0,0,0,15.625,31.7460289,36.5079346,47.6923065,8.2232,69.72631,16.5196228,7.17247,58,210.000015,405.000031,0,0,17,0,0,6144,308.6914,5835.30859,5.02427435,3.78400016,0.0478515625,0.0009765625,89.48924,86.55914
09/30/2024 15:37:01,0,0,0,0,0,0,38.0952377,58.4615364,46.1538429,76.1904755,13.6813221,69.76283,16.5282745,7.16381836,58,277,405.000031,0,29,23,0,12,6144,308.1914,5835.80859,5.016136,4.42400026,0,0,89.4910049,86.55914
09/30/2024 15:37:02,0,0,1.5625,0,0,0,76.5625,84.375,85.9375,95.38461,21.5865364,69.778656,16.5320244,7.16006851,58,277,405.000031,0,0,19,0,0,6144,308.1914,5835.80859,5.016136,4.262,0,0,89.4910049,86.55914
09/30/2024 15:37:03,0,0,0,0,0,0,73.4375,79.6875,75,75,18.9453125,69.73627,16.52198,7.17011261,58,210.000015,405.000031,0,0,45,0,0,6144,308.1914,5835.80859,5.016136,4.09400034,0,0,89.4910049,86.55914
09/30/2024 15:37:04,0,0,0,0,0,0,38.4615364,42.1875,34.375,31.25,9.142124,69.6680756,16.505825,7.186268,58,277,405.000031,0,11,30,0,3,6144,308.5039,5835.496,5.02122259,4.017,0.4248047,0.064453125,89.4910049,86.55914
09/30/2024 15:37:05,0.78125,0,0,0,0,0,67.1875,62.29508,48.4375,71.875,15.7098475,69.7616043,16.5279846,7.16410828,58,292,405.000031,0,1,27,0,0,6144,308.1914,5835.80859,5.016136,4.27,0,0,89.4910049,86.55914
09/30/2024 15:37:06,0,0.78125,0,0,0,0,31.25,31.34328,23.8095226,20.63492,6.78751469,69.75058,16.5253716,7.16672134,58,345.000031,405.000031,0,0,18,0,0,6144,308.1914,5835.80859,5.016136,4.202,0.7910156,0.07519531,89.4910049,86.55914
09/30/2024 15:37:07,14.0625,0,0,0,0,0.78125,64.0625,50,70.7692261,93.84615,19.2728348,69.7839355,16.5332756,7.15881729,58,405.000031,405.000031,0,1,15,0,0,6144,308.1914,5835.80859,5.016136,4.612,0.461914063,0.001953125,89.4910049,86.55914
09/30/2024 15:37:08,3.90625,0,0,0,0,0,79.6875,87.5,77.77778,73.01587,20.3621025,69.77754,16.5317612,7.16033173,58,405.000031,405.000031,0,0,21,0,0,6144,308.3164,5835.68359,5.018171,3.903,0,0.048828125,89.4910049,86.55914
09/30/2024 15:37:09,3.076923,4.615384,2.30768919,0,0.7692337,0.7692337,43.75,73.8461456,66.15385,83.07693,18.1189957,69.91429,16.56416,7.1279335,58,232.000015,405.000031,0,35,18,0,28,6144,309.2539,5834.746,5.03342962,4.60100031,0.8496094,0.091796875,89.4910049,86.55914
09/30/2024 15:37:10,4.71230125,0.78125,0.78125,1.5625,2.3317337,0,21.53846,54.6875,29.2307682,26.1538448,9.49679,70.27817,16.6503677,7.041725,58,420.000031,405.000031,0,41,27,0,25,6144,309.2539,5834.746,5.03342962,4.618,0.8535156,0.09472656,89.4910049,86.55914
09/30/2024 15:37:11,5.44471169,1.5625,0,0,0.78125,0,42.1875,57.8125,57.8125,51.5625,14.0594959,70.23664,16.64053,7.05156326,58,420.000031,405.000031,0,0,23,0,0,6144,309.2539,5834.746,5.03342962,3.834,0,0,89.4910049,86.55914
09/30/2024 15:37:12,1.5625,1.5625,0,0,0,0,61.9047623,69.84126,79.6875,89.0625,19.1716251,70.25934,16.6459084,7.04618454,58,210.000015,405.000031,0,0,51,0,0,6144,309.2539,5834.746,5.03342962,3.8380003,0,0,89.4910049,86.55914
09/30/2024 15:37:13,1.5625,1.5625,0,0,0,0,100,100,100,100,25.390625,70.33513,16.6638641,7.02822876,59,1732.00012,7000.9834,0,0,0,0,0,6144,309.2539,5834.746,5.03342962,6.36500025,0,0,89.4910049,86.55914
09/30/2024 15:37:14,0.78125,0,0.78125,0,0,0,75,50.7936478,77.77778,58.73016,16.589159,70.3011551,16.6558151,7.036278,59,1732.00012,7000.9834,0,0,0,0,0,6144,309.2539,5834.746,5.03342962,13.8070011,0,0.00390625,89.4910049,86.55914
09/30/2024 15:37:15,0.78125,0,0,0,0,0,20.3125,16.9230766,23.0769215,21.53846,5.213338,70.30191,16.6559944,7.03609848,59,1732.00012,7000.9834,0,1,1,0,1,6144,308.8789,5835.121,5.027326,13.8460007,0.8642578,0.048828125,89.4910049,86.55914
09/30/2024 15:37:16,0,1.5625,0,0,0,0,26.5625,29.03226,34.375,28.125,7.576233,70.26308,16.6467934,7.04529953,58,270,810.000061,0,3,5,0,1,6144,308.8789,5835.121,5.027326,6.603,0.483398438,0.08691406,89.4910049,86.55914
09/30/2024 15:37:17,0,0,0,0,0,0,20.3125,16.6666679,48.4375,26.5625,6.9987,70.2414551,16.64167,7.05042267,58,210.000015,405.000031,0,0,31,0,0,6144,308.8789,5835.121,5.027326,3.94500017,0,0,89.4910049,86.55914
09/30/2024 15:37:18,0,0,0,0,0,0,42.1875,65.625,73.4375,71.875,15.8203125,70.24942,16.6435585,7.04853439,58,210.000015,405.000031,0,0,47,0,0,6144,308.8789,5835.121,5.027326,3.79600024,0,0,89.4910049,86.55914
09/30/2024 15:37:19,0,0,0,1.5625,0.78125,0,74.60318,82.8125,82.53968,90.625,20.9542389,70.01482,16.5879745,7.10411835,58,210.000015,405.000031,0,0,39,0,0,6144,308.8789,5835.121,5.027326,3.65100026,0.015625,0.001953125,89.4910049,86.55914
09/30/2024 15:37:20,0,0,0,0,0,0.78125,9.230768,36.5079346,25,36.5079346,6.800568,70.03747,16.5933418,7.098751,58,210.000015,405.000031,0,0,37,0,0,6144,309.2539,5834.746,5.03342962,3.70700026,0,0.0341796875,89.4910049,86.55914
09/30/2024 15:37:21,0.78125,0.78125,0,0,0,0,45.3125,44.6153831,53.8461571,61.53846,13.0273457,70.02546,16.5904961,7.101597,58,210.000015,405.000031,0,31,31,0,25,6144,309.2539,5834.746,5.03342962,4.306,0.8466797,0.068359375,89.4910049,86.55914
09/30/2024 15:37:22,4.6875,17.1875,0.78125,1.5625,0,1.5625,15.8730145,10.9375,7.8125,17.1875,6.46081543,70.2114258,16.6345558,7.057537,58,240.000015,405.000031,0,43,32,0,25,6144,309.1289,5834.871,5.031395,4.814,0.422851563,0,89.4910049,86.55914
09/30/2024 15:37:23,0,2.34375,0,0,0,0,63.0769272,74.60318,51.5625,70.3125,16.51516,70.2657,16.6474152,7.04467773,58,240.000015,405.000031,0,0,22,0,0,6144,309.1289,5834.871,5.031395,3.85900021,0,0,89.4910049,86.55914
09/30/2024 15:37:24,0,2.34375,0,0,0,0,10.9375,29.2307682,63.4920578,63.4920578,10.74,70.25395,16.64463,7.04746246,58,210.000015,405.000031,0,0,34,0,0,6144,309.1289,5834.871,5.031395,3.62100029,0,0.046875,89.4910049,86.55914
09/30/2024 15:37:25,0,2.34375,0,0,0,0,31.25,20.96774,54.6875,51.5625,10.1972046,70.24272,16.6419716,7.05012131,58,210.000015,405.000031,0,0,28,0,0,6144,309.6914,5834.30859,5.04055,3.72100019,0,0,89.4910049,86.55914
09/30/2024 15:37:26,4.6875,1.5625,0,0,0,0,10.9375,45.4545441,16.9230766,44.6153831,8.151901,70.3517761,16.6678085,7.02428436,58,210.000015,405.000031,0,15,13,0,12,6144,308.1289,5835.871,5.015119,3.92100024,0,0,89.4910049,86.55914
09/30/2024 15:37:27,7.03125,0,0,0,0,0,30.1587276,11.1111107,20.3125,19.0476189,5.91827631,70.34175,16.665432,7.026661,58,255.000015,405.000031,0,49,34,0,21,6144,308.1289,5835.871,5.015119,3.98800015,0.8486328,0.046875,89.4910049,86.55914
09/30/2024 15:37:28,0,2.34375,0,0,0,0,23.8095226,35.9375,21.875,41.53846,7.99049759,70.34023,16.6650734,7.0270195,58,330.000031,405.000031,0,9,33,0,5,6144,308.1289,5835.871,5.015119,4.44300032,0.015625,0.0498046875,89.4910049,86.55914
09/30/2024 15:37:29,0,3.125,0,0,0,0,50,46.1538429,51.5625,59.375,13.3338337,70.33072,16.6628189,7.029274,58,330.000031,405.000031,0,0,50,0,0,6144,308.1289,5835.871,5.015119,3.89600015,0,0,89.4910049,86.55914
09/30/2024 15:37:30,0.78125,2.34375,0,0,0,0.78125,9.375,32.8125,43.75,50,8.984375,70.28558,16.6521263,7.03996658,58,210.000015,405.000031,0,5,12,0,1,6144,308.4414,5835.55859,5.020205,3.7900002,0,0,89.4910049,86.55914
09/30/2024 15:37:31,1.5625,0.78125,0,0,0,0,4.6875,17.7419357,4.6875,14.0625,2.86668539,70.28567,16.6521454,7.03994751,58,210.000015,405.000031,0,0,30,0,0,6144,308.5039,5835.496,5.02122259,3.73500013,0,0,89.49119,86.55914
09/30/2024 15:37:32,0.78125,0,0,0,0,0,7.8125,24.6153831,12.5,20.3125,4.17518044,70.28419,16.6517944,7.04029846,58,210.000015,405.000031,0,0,51,0,0,6144,308.5039,5835.496,5.02122259,3.70200014,0,0,89.49119,86.55914
09/30/2024 15:37:33,3.125,0.78125,0,0,0,0.7692337,25,58.4615364,64.0625,31.25,11.7578144,70.19681,16.6310921,7.061001,58,210.000015,405.000031,0,0,54,0,0,6144,308.5039,5835.496,5.02122259,3.64400029,0,0,89.49119,86.55914
09/30/2024 15:37:34,0,0,0,0,0,0,45.3125,66.6666641,79.36508,84.12698,17.2169514,70.0469055,16.5955772,7.09651566,58,210.000015,405.000031,0,0,63,0,0,6144,308.5039,5835.496,5.02122259,3.63900018,0,0,89.49119,86.55914
09/30/2024 15:37:35,0,0,0,0,0,0,23.4375,68.75,60.0000038,80,14.5117226,69.9766846,16.5789413,7.11315155,58,210.000015,405.000031,0,0,61,0,0,6144,308.5039,5835.496,5.02122259,3.63100028,0,0,89.49119,86.55914
09/30/2024 15:37:36,0,0,0,0,0,0,15.625,18.4615364,38.0952377,70.3125,8.905888,69.9775848,16.579155,7.112938,58,210.000015,405.000031,0,0,55,0,0,6144,308.5039,5835.496,5.02122259,3.62800026,0,0,89.49119,86.55914
09/30/2024 15:37:37,0.78125,0,0,0.78125,0.78125,0,15.625,45.3125,9.230768,26.5625,6.338644,70.03315,16.59232,7.09977341,58,210.000015,405.000031,0,0,45,0,0,6144,308.5039,5835.496,5.02122259,3.63600016,0,0.0498046875,89.49119,86.55914
09/30/2024 15:37:38,3.20060253,2.34375,0,2.34375,1.5625,0,40.625,32.8125,45.3125,56.25,12.1188278,70.33516,16.6638718,7.028221,58,210.000015,405.000031,0,36,28,0,24,6144,308.5664,5835.43359,5.02223969,4.02200031,0.625,0.076171875,89.49119,86.55914
09/30/2024 15:37:39,0.78125,0,0.78125,0,0,0,70.3125,49.2063446,71.42857,80.9523849,17.1890488,70.33241,16.66322,7.02887344,58,232.000015,405.000031,0,0,43,0,0,6144,308.6289,5835.371,5.023257,4.41500044,0.015625,0.048828125,89.49119,86.55914
09/30/2024 15:37:40,3.90625,0,0.78125,6.25,0,0,87.30159,73.8461456,75.38461,66.15385,20.28507,70.34961,16.6672935,7.02479935,58,232.000015,405.000031,0,0,29,0,0,6144,308.2539,5835.746,5.01715326,3.78100014,0,0,89.49119,86.55914
09/30/2024 15:37:41,2.34375,0.78125,0,3.90625,0,0.78125,23.0769215,28.125,60.9375,87.30159,13.4416218,70.3244247,16.6613274,7.03076553,58,210.000015,405.000031,0,0,23,0,0,6144,308.2539,5835.746,5.01715326,3.762,0,0,89.49119,86.55914
09/30/2024 15:37:42,0.78125,0,3.90625,0,0,0,0,15.625,12.5,10.76923,3.01682949,70.3369446,16.6642952,7.0277977,58,210.000015,405.000031,0,0,51,0,0,6144,308.2539,5835.746,5.01715326,3.71800017,0,0,89.49119,86.55914
09/30/2024 15:37:43,7.03125,1.5625,0.78125,0.78125,0,0,4.6875,9.375,22.2222214,10.9375,4.22092056,70.4276,16.6857719,7.006321,58,210.000015,405.000031,0,16,19,0,7,6144,308.2539,5835.746,5.01715326,3.729,0.4345703,0.091796875,89.49119,86.55914
09/30/2024 15:37:44,11.71875,1.5625,1.5625,3.90625,0,0,23.4375,28.5714264,62.5,33.3333321,11.583889,70.42423,16.6849747,7.007118,58,307,405.000031,0,3,53,0,2,6144,308.2539,5835.746,5.01715326,4.629,0.421875,0,89.49119,86.55914
09/30/2024 15:37:45,0,0,2.30768919,0,0,0,52.3809547,73.4375,80,84.375,18.4255543,70.436264,16.6878242,7.00426865,58,307,405.000031,0,0,35,0,0,6144,308.2539,5835.746,5.01715326,3.70000029,0,0,89.49119,86.55914
09/30/2024 15:37:46,0,3.076923,0.7692337,0,0,0,57.5757561,78.78787,84.61539,96.969696,20.3525715,70.2800751,16.6508217,7.041271,58,210.000015,405.000031,0,6,25,0,2,6144,308.2539,5835.746,5.01715326,3.71800017,0.474609375,0.09472656,89.49119,86.55914
09/30/2024 15:37:47,2.30768919,4.6875,0,0.793647766,0.78125,0,39.0625,37.5,53.125,68.75,13.4736061,70.20947,16.6340942,7.05799866,58,285,405.000031,0,28,21,0,16,6144,308.2539,5835.746,5.01715326,4.734,0,0,89.49119,86.55914
09/30/2024 15:37:48,0,0,0,0,0,0,21.875,0,21.875,12.5,3.515625,70.1476,16.6194344,7.07265854,58,285,405.000031,0,0,38,0,0,6144,308.2539,5835.746,5.01715326,3.854,0,0,89.49119,86.55914
09/30/2024 15:37:49,0.78125,0.78125,0,0,0,0,12.5,6.349206,21.875,7.8125,3.22885513,70.09982,16.6081161,7.08397675,58,210.000015,405.000031,0,0,40,0,0,6144,308.2539,5835.746,5.01715326,3.64300013,0,0,89.49119,86.55914
09/30/2024 15:37:50,0,0,0,0,0,0,32.8125,80,81.25,70.3125,16.52344,70.105896,16.6095543,7.0825386,58,210.000015,405.000031,0,0,58,0,0,6144,308.2539,5835.746,5.01715326,3.63,0,0.046875,89.49119,86.55914
09/30/2024 15:37:51,0.78125,0.78125,0,2.34375,0,0,93.650795,96.82539,100,96.82539,24.6946335,70.12728,16.61462,7.07747269,58,210.000015,405.000031,0,39,27,0,28,6144,308.2539,5835.746,5.01715326,4.098,0.428710938,0.09472656,89.49119,86.55914
09/30/2024 15:37:52,0,0,0,0,0,0,100,100,100,100,25,70.18505,16.6283073,7.06378555,58,292,405.000031,0,0,43,0,0,6144,308.2539,5835.746,5.01715326,4.329,0.001953125,0,89.49119,86.55914
09/30/2024 15:37:53,0,0,0,0,0,0,28.125,42.1875,51.5625,45.3125,10.4492188,70.15727,16.621727,7.070366,58,210.000015,405.000031,0,0,36,0,0,6144,308.2539,5835.746,5.01715326,3.89900017,0.001953125,0,89.49119,86.55914
09/30/2024 15:37:54,0.78125,0.78125,0,0,0,0,0,17.1875,14.0625,3.125,2.34375,70.1653,16.6236267,7.068466,58,210.000015,405.000031,0,0,46,0,0,6144,308.2539,5835.746,5.01715326,3.6420002,0,0,89.49119,86.55914
09/30/2024 15:37:55,3.90625,0,0,0.78125,0.78125,0,4.6875,31.25,9.375,1.5625,3.61328125,69.94455,16.5713272,7.12076569,58,210.000015,405.000031,0,30,26,0,18,6144,308.2539,5835.746,5.01715326,3.7670002,0.8457031,0.09472656,89.49119,86.55914
09/30/2024 15:37:56,3.90625,0.78125,0.78125,1.58730149,0,0,42.85714,57.1428528,53.125,56.25,13.9679432,70.03706,16.5932465,7.09884644,58,352.000031,405.000031,0,0,34,0,0,6144,308.2539,5835.746,5.01715326,4.76500034,0,0,89.49119,86.55914
09/30/2024 15:37:57,2.34375,0,0,0,0,0,53.8461571,93.84615,67.1875,57.8125,17.336237,70.02951,16.5914574,7.10063553,58,352.000031,405.000031,0,0,59,0,0,6144,308.2539,5835.746,5.01715326,3.67100024,0,0.0341796875,89.49119,86.55914
09/30/2024 15:37:58,2.34375,0,0,0,0,0,32.8125,95.2381,65.625,90.47619,18.05246,70.02639,16.5907173,7.10137558,58,210.000015,405.000031,0,0,25,0,0,6144,308.2539,5835.746,5.01715326,3.77700019,0,0.046875,89.49119,86.55914
09/30/2024 15:37:59,0.78125,0,0,0,0,0.78125,9.375,39.9999962,64.0625,60.9375,11.0937481,70.0240555,16.5901642,7.10192871,58,210.000015,405.000031,0,10,28,0,5,6144,308.2539,5835.746,5.01715326,3.83500028,0,0.046875,89.49119,86.55914
09/30/2024 15:38:00,0.78125,0,0.78125,0,0,0,3.174603,17.4603157,17.1875,4.615384,2.84767747,70.03966,16.59386,7.09823227,58,210.000015,405.000031,0,14,22,0,7,6144,308.2539,5835.746,5.01715326,3.82600021,0.427734375,0.09472656,89.49119,86.55914
09/30/2024 15:38:01,5.46875,0.7692337,0,0,0,0,16.9230766,32.8125,34.375,42.85714,8.71523,70.07163,16.6014366,7.09065628,58,330.000031,405.000031,0,10,28,0,7,6144,308.2539,5835.746,5.01715326,4.691,0.0009765625,0,89.49127,86.55914
09/30/2024 15:38:02,0,0.78125,0,0,0,0,29.6875,50.7692337,39.0625,71.875,12.0597954,70.08406,16.6043816,7.08771133,58,330.000031,405.000031,0,15,20,0,12,6144,308.2539,5835.746,5.01715326,3.75700021,0.439453125,0.052734375,89.49127,86.55914
09/30/2024 15:38:03,0,1.5625,0.78125,0,0,0,4.6875,46.875,66.6666641,29.6875,9.537763,70.07801,16.6029472,7.08914566,58,210.000015,405.000031,0,1,22,0,0,6144,309.1914,5834.80859,5.032412,3.93900013,0,0,89.49127,86.55914
09/30/2024 15:38:04,0,0.78125,0.78125,0,0,0,12.5,42.1875,24.6153831,24.6153831,6.690204,69.8894958,16.5582848,7.133808,58,210.000015,405.000031,0,0,23,0,0,6144,309.1914,5834.80859,5.032412,3.69200015,0,0,89.49127,86.55914
09/30/2024 15:38:05,3.125,0.78125,0,0,0,0,11.1111107,36.5079346,6.25,28.5714264,5.640805,70.0060043,16.5858879,7.106205,58,210.000015,405.000031,0,3,27,0,0,6144,308.6289,5835.371,5.023257,3.844,0,0,89.49127,86.55914
09/30/2024 15:38:06,0.78125,3.90625,0,0,0,0,15.3846149,43.75,70.3125,47.6923065,11.6571484,70.38431,16.6755142,7.01657867,58,210.000015,405.000031,0,17,29,0,2,6144,300.7539,5843.246,4.895083,3.89600015,0.0048828125,0.0009765625,89.49127,86.55914
09/30/2024 15:38:07,1.5625,1.5625,0,0,0,0,7.8125,34.375,53.125,54.83871,9.775078,70.48194,16.6986465,6.99344635,58,247.000015,405.000031,0,0,14,0,0,6144,307.6289,5836.371,5.006981,4.2050004,0,0,89.49127,86.55914
09/30/2024 15:38:08,0,0,0,0,0,0,1.5625,6.153846,60.9375,21.2121181,5.616623,70.47501,16.6970062,6.99508667,58,210.000015,405.000031,0,0,32,0,0,6144,307.6289,5836.371,5.006981,3.67900014,0,0,89.49127,86.55914
09/30/2024 15:38:09,1.5625,0,0,0,0,0,6.25,4.76190472,23.8095226,0,2.371651,70.45204,16.6915627,7.00053024,58,210.000015,405.000031,0,0,38,0,0,6144,307.6289,5836.371,5.006981,3.6420002,0,0,89.49127,86.55914
09/30/2024 15:38:10,0,0,0,0,0,0,45.3125,32.8125,81.25,48.4375,12.9882813,70.4471741,16.69041,7.00168228,58,210.000015,405.000031,0,0,26,0,0,6144,307.6289,5836.371,5.006981,3.63,0,0,89.49127,86.55914
09/30/2024 15:38:11,0,0,0,0,0,0.78125,64.0625,70.3125,90.76923,100,20.4191685,70.43589,16.6877365,7.00435638,58,210.000015,405.000031,0,0,44,0,0,6144,307.6289,5836.371,5.006981,3.62100029,0,0,89.49127,86.55914
09/30/2024 15:38:12,0,0.78125,0,0,0,0,71.875,87.5,82.8125,82.8125,20.4101563,70.38243,16.6750717,7.017021,58,210.000015,405.000031,0,0,44,0,0,6144,307.6289,5836.371,5.006981,3.61200023,0,0,89.49127,86.55914
09/30/2024 15:38:13,0,0,0,0,0,0,10.9375,13.8461533,6.25,7.8125,2.427882,70.2643356,16.64709,7.045002,58,210.000015,405.000031,0,0,40,0,0,6144,307.6289,5836.371,5.006981,3.61600018,0,0,89.49127,86.55914
09/30/2024 15:38:14,0,0,0.78125,0,0,0,3.125,12.5,35.9375,12.6984119,4.11396027,70.19378,16.6303749,7.061718,58,210.000015,405.000031,0,0,44,0,0,6144,307.6289,5836.371,5.006981,3.62500024,0,0,89.49127,86.55914
09/30/2024 15:38:15,0,0,0,0,0,0,12.5,20.3125,15.625,46.875,5.95703125,70.02264,16.5898285,7.1022644,58,210.000015,405.000031,0,0,44,0,0,6144,307.6289,5836.371,5.006981,3.62300014,0,0,89.49127,86.55914
09/30/2024 15:38:16,0,0,0,0,0,0,76.1904755,76.1904755,79.36508,78.125,19.3669376,70.0047455,16.58559,7.10650253,58,210.000015,405.000031,0,0,51,0,0,6144,307.6289,5836.371,5.006981,3.624,0,0,89.49127,86.55914
09/30/2024 15:38:17,0,0.78125,0,0,0,0,67.69231,69.84126,67.69231,78.125,17.807085,69.9727554,16.57801,7.11408234,58,210.000015,405.000031,0,0,37,0,0,6144,307.6289,5836.371,5.006981,3.62000012,0,0,89.49127,86.55914
09/30/2024 15:38:18,10.9375,1.5625,0,0,0,0,6.25,36.363636,4.6875,29.2307682,6.345743,69.9888458,16.5818214,7.11027145,58,210.000015,405.000031,0,0,37,0,0,6144,307.6289,5836.371,5.006981,3.61500025,0,0,89.49127,86.55914
09/30/2024 15:38:19,5.46875,0,0.78125,0,1.5625,0,10.9375,15.625,15.625,20.3125,4.8828125,70.0185852,16.5888672,7.10322571,58,210.000015,405.000031,0,0,43,0,0,6144,307.6289,5836.371,5.006981,3.61800027,0,0,89.49127,86.55914
09/30/2024 15:38:20,0.78125,4.6875,0,0,0,0,12.5,12.6984119,17.1875,32.8125,5.38349152,70.0227661,16.589859,7.102234,58,210.000015,405.000031,0,0,38,0,0,6144,307.6289,5836.371,5.006981,3.62600017,0,0,89.49127,86.55914
09/30/2024 15:38:21,2.34375,0,0,0,0,0,35.9375,55.5555573,69.84126,42.1875,13.0130825,70.01937,16.5890541,7.103039,58,210.000015,405.000031,0,0,38,0,0,6144,307.6289,5836.371,5.006981,3.63200021,0,0,89.49127,86.55914
09/30/2024 15:38:22,3.125,0,0.78125,0,0.78125,0,30.6451626,33.3333321,27.6923065,51.5625,9.538019,70.0388641,16.5936737,7.098419,58,210.000015,405.000031,0,0,38,0,0,6144,307.6289,5836.371,5.006981,3.634,0,0,89.49127,86.55914
09/30/2024 15:38:23,4.6875,3.125,0,0,0,0,7.575756,10.9375,9.375,23.4375,4.184425,70.07455,16.6021271,7.089966,58,210.000015,405.000031,0,0,36,0,0,6144,307.6289,5836.371,5.006981,3.634,0,0,89.49127,86.55914
09/30/2024 15:38:24,3.90625,0.78125,0,0,0,0.78125,7.8125,15.625,25,17.1875,4.78515625,70.07176,16.6014671,7.090626,58,210.000015,405.000031,0,0,31,0,0,6144,307.6289,5836.371,5.006981,3.63800025,0,0,89.49127,86.55914
09/30/2024 15:38:25,2.34375,0.78125,0.78125,0.78125,0,0,29.6875,34.92063,15.625,25.3968239,7.18780756,70.09986,16.6081238,7.083969,58,210.000015,405.000031,0,0,40,0,0,6144,307.6289,5836.371,5.006981,3.63600016,0,0,89.49127,86.55914
09/30/2024 15:38:26,0.78125,0,0.78125,0,0,0,50,90.76923,71.42857,86.15385,18.8422928,70.1869049,16.628746,7.063347,58,210.000015,405.000031,0,0,49,0,0,6144,307.6289,5836.371,5.006981,3.62500024,0,0,89.49127,86.55914
09/30/2024 15:38:27,2.34375,0.78125,0,0,0,0,33.3333321,57.8125,63.0769272,37.5,12.3732929,70.1806,16.6272545,7.06483841,58,210.000015,405.000031,0,0,45,0,0,6144,307.6289,5836.371,5.006981,3.62800026,0,0,89.49127,86.55914
09/30/2024 15:38:28,2.34375,0,0,0,0,0,33.8461533,39.0625,40.625,17.1875,8.463043,70.15302,16.62072,7.071373,58,210.000015,405.000031,0,0,42,0,0,6144,307.6289,5836.371,5.006981,3.63900018,0,0,89.49127,86.55914
09/30/2024 15:38:29,1.5625,1.5625,0.78125,0,0,1.5625,1.5625,12.5,4.6875,6.25,2.24609375,70.13104,16.6155128,7.07658,58,210.000015,405.000031,0,0,37,0,0,6144,307.6289,5836.371,5.006981,3.64500022,0,0,89.49127,86.55914
09/30/2024 15:38:30,0,0,0,0,0,0,22.2222214,31.25,33.3333321,42.85714,8.103919,70.09747,16.60756,7.08453369,58,210.000015,405.000031,0,0,44,0,0,6144,307.6289,5836.371,5.006981,3.65600014,0,0,89.49127,86.55914
09/30/2024 15:38:31,0,0,0,0,0,0,20.3125,15.8730145,35.384613,49.2307663,7.55006075,70.0810547,16.6036682,7.08842468,58,210.000015,405.000031,0,0,42,0,0,6144,307.6289,5836.371,5.006981,3.65200019,0,0,89.4922,86.55914
09/30/2024 15:38:32,1.5625,2.34375,0,0,0,0,7.8125,45.3125,34.92063,51.5625,9.213787,69.97922,16.57954,7.11255264,58,210.000015,405.000031,0,0,47,0,0,6144,307.6289,5836.371,5.006981,3.64400029,0,0,89.4922,86.55914
09/30/2024 15:38:33,3.125,1.5625,0,0.78125,0,0,9.230768,13.8461533,26.1538448,18.75,4.93239164,69.847084,16.5482368,7.143856,58,210.000015,405.000031,0,0,32,0,0,6144,307.6289,5836.371,5.006981,3.64100027,0,0,89.4922,86.55914
09/30/2024 15:38:34,0.78125,0.78125,0,0.78125,0,0.793647766,25,35.9375,39.0625,53.125,9.962487,69.8311157,16.5444527,7.14764,58,210.000015,405.000031,0,0,38,0,0,6144,307.6289,5836.371,5.006981,3.65,0,0,89.4922,86.55914
09/30/2024 15:38:35,0,0.78125,0,0,0,0,50,50,62.5,79.6875,15.234375,70.02617,16.5906639,7.101429,58,210.000015,405.000031,0,0,27,0,0,6144,307.6289,5836.371,5.006981,3.69200015,0,0,89.4922,86.55914
09/30/2024 15:38:36,0,0,0,0,0,0,35.9375,61.9047623,65.07937,20.63492,11.4722843,70.02043,16.5893059,7.102787,58,210.000015,405.000031,0,0,35,0,0,6144,307.6289,5836.371,5.006981,3.72500014,0,0,89.4922,86.55914
09/30/2024 15:38:37,0,0.78125,0,0,0,0,4.6875,55.384613,60.0000038,38.4615364,10.00601,70.02284,16.5898781,7.102215,58,210.000015,405.000031,0,0,49,0,0,6144,307.6289,5836.371,5.006981,3.62500024,0,0,89.4922,86.55914
09/30/2024 15:38:38,1.53846145,0.78125,0,0,0,0,1.5625,40.625,14.0625,0,3.80558968,70.0291443,16.59137,7.10072327,58,210.000015,405.000031,0,0,44,0,0,6144,307.6289,5836.371,5.006981,3.61600018,0,0,89.4922,86.55914
09/30/2024 15:38:39,1.58730149,3.174603,0,0,0,0.793647766,17.1875,70.3125,65.625,22.2222214,11.6536436,70.04758,16.5957375,7.09635544,58,210.000015,405.000031,0,0,32,0,0,6144,307.6289,5836.371,5.006981,3.66100025,0,0,89.4922,86.55914
09/30/2024 15:38:40,3.90625,0,0,0,0,0.78125,4.6875,28.125,46.875,63.0769272,9.508711,70.04466,16.595047,7.097046,58,210.000015,405.000031,0,0,55,0,0,6144,307.6289,5836.371,5.006981,3.65500021,0,0,89.4922,86.55914
09/30/2024 15:38:41,0,0.78125,0,0,0,0.78125,28.125,53.125,52.3809547,45.3125,11.3792782,70.053894,16.5972328,7.09486,58,210.000015,405.000031,0,0,53,0,0,6144,307.6289,5836.371,5.006981,3.6190002,0,0,89.4922,86.55914
09/30/2024 15:38:42,1.5625,0.78125,0,0,0,0,6.25,6.25,39.9999962,40.625,6.113279,70.05505,16.5975075,7.09458542,58,210.000015,405.000031,0,0,53,0,0,6144,307.6289,5836.371,5.006981,3.61300015,0,0,89.4922,86.55914
09/30/2024 15:38:43,0,1.5625,0,0,0,0,17.1875,53.125,68.75,42.1875,11.5234375,70.04627,16.5954285,7.09666443,58,210.000015,405.000031,0,0,63,0,0,6144,307.6289,5836.371,5.006981,3.62100029,0,0,89.4922,86.55914
09/30/2024 15:38:44,0.78125,0.78125,0,0,0,0,14.0625,26.5625,21.875,25,5.6640625,70.0001755,16.584507,7.107586,58,210.000015,405.000031,0,0,60,0,0,6144,307.6289,5836.371,5.006981,3.62800026,0,0.046875,89.4922,86.55914
09/30/2024 15:38:45,4.6875,2.34375,0,0,0,0,4.6875,32.8125,55.5555573,40.625,9.23394,70.01095,16.587059,7.105034,58,210.000015,405.000031,0,0,32,0,0,6144,307.6289,5836.371,5.006981,3.82500029,0,0,89.4922,86.55914
09/30/2024 15:38:46,0.78125,0,0,7.8125,0,0,15.625,50,49.2307663,48.4375,11.2800484,70.00183,16.5849,7.107193,58,210.000015,405.000031,0,24,17,0,17,6144,307.6289,5836.371,5.006981,3.93900013,0,0,89.4922,86.55914
09/30/2024 15:38:47,0.793647766,3.90625,0.78125,3.90625,0,0,20.3125,28.5714264,46.875,47.6190453,10.1345482,69.9732742,16.5781326,7.11396027,58,210.000015,405.000031,0,6,25,0,5,6144,307.6289,5836.371,5.006981,3.9940002,0.422851563,0.0859375,89.4922,86.55914
09/30/2024 15:38:48,1.5504837,0.78125,0.78125,1.5625,0,0,43.75,39.9999962,48.3871,50.7936478,12.0176077,70.04614,16.5953979,7.096695,58,277,405.000031,0,53,33,0,21,6144,307.6289,5836.371,5.006981,4.40400028,0.484375,0.08691406,89.4922,86.55914
09/30/2024 15:38:49,3.125,3.125,3.90625,0,0,0,25.3968239,25.3968239,15.3846149,16.6666679,6.447339,70.0351944,16.592804,7.099289,58,375.000031,405.000031,0,0,22,0,0,6144,307.6289,5836.371,5.006981,4.45000029,0,0,89.4922,86.55914
09/30/2024 15:38:50,0.78125,3.125,0,2.34375,0,0,13.8461533,67.69231,57.8125,38.0952377,11.8716354,70.0451,16.59515,7.096943,58,210.000015,405.000031,0,13,60,0,9,6144,307.6289,5836.371,5.006981,3.71700025,0.7158203,0.0615234375,89.4922,86.55914
09/30/2024 15:38:51,3.125,3.90625,0.78125,0.78125,0.78125,0,18.75,20.3125,32.8125,73.8461456,10.2794466,70.16031,16.6224442,7.06964874,58,292,405.000031,0,45,30,0,23,6144,307.6289,5836.371,5.006981,4.721,0.5371094,0.09472656,89.4922,86.55914
09/30/2024 15:38:52,0.78125,13.28125,1.5625,0,0,0,68.25397,79.36508,85.9375,87.30159,22.0067558,70.19817,16.6314163,7.06067657,58,345.000031,405.000031,0,39,37,0,21,6144,307.6289,5836.371,5.006981,4.861,0.8515625,0.09472656,89.4922,86.55914
09/30/2024 15:38:53,0,5.46875,1.5625,0,0,0,13.8461533,12.3076916,35.384613,19.9999981,5.97505569,70.15146,16.62035,7.071743,58,367.000031,405.000031,0,19,12,0,15,6144,307.8164,5836.18359,5.01003265,4.407,0,0,89.4922,86.55914
09/30/2024 15:38:54,0.78125,0.78125,2.34375,0.78125,0,0.78125,15.625,40.625,25,12.5,6.54296875,70.23073,16.63913,7.05296326,58,330.000031,405.000031,0,35,27,0,24,6144,307.9414,5836.05859,5.01206732,4.52200031,0.858398438,0.09472656,89.4922,86.55914
09/30/2024 15:38:55,0.78125,7.8125,0.78125,0,0,0,3.125,10.9375,34.375,31.25,6.15234375,70.2765045,16.6499748,7.042118,58,262,405.000031,0,19,14,0,14,6144,307.3789,5836.621,5.002912,4.434,0.42578125,0.060546875,89.4922,86.55914
09/30/2024 15:38:56,8.59375,3.125,0,0.78125,0,1.5625,26.5625,47.5409851,62.5,60.9375,14.1041222,70.297905,16.6550446,7.03704834,58,345.000031,405.000031,0,50,28,0,28,6144,307.6914,5836.30859,5.007998,4.735,0.76171875,0.07421875,89.4922,86.55914
09/30/2024 15:38:57,6.25,0,0,0,0,0,59.375,92.42424,82.53968,93.650795,21.2806053,70.1877747,16.628952,7.063141,58,345.000031,405.000031,0,4,37,0,3,6144,308.1289,5835.871,5.015119,4.197,0.01171875,0.0009765625,89.4922,86.55914
09/30/2024 15:38:58,7.8125,1.5625,0,0,0,0,20.3125,54.6875,27.6923065,65.625,11.6917076,70.09846,16.6077919,7.084301,58,307,405.000031,0,33,27,0,27,6144,307.7539,5836.246,5.00901556,4.39600039,0.7441406,0.09472656,89.4922,86.55914
09/30/2024 15:38:59,17.1875,2.34375,0,1.5625,1.5625,0,30.1587276,36.9230728,49.2063446,64.61538,14.1385021,70.2095261,16.6341057,7.057987,58,442.000031,810.000061,0,3,4,0,0,6144,307.7539,5836.246,5.00901556,4.754,0.015625,0.09472656,89.4922,86.55914
09/30/2024 15:39:00,8.59375,0,0.78125,0,0,0,4.615384,3.125,10.9375,15.625,3.31580639,70.23293,16.6396523,7.05244064,58,442.000031,810.000061,0,14,7,0,10,6144,308.0039,5835.996,5.01308441,4.195,0.03515625,0.001953125,89.4922,86.55914
09/30/2024 15:39:01,0.78125,8.59375,0,0,0,0,39.6825371,75,78.46154,73.4375,17.8332272,70.22075,16.6367645,7.05532837,58,217.000015,405.000031,0,37,22,0,28,6144,307.7539,5836.246,5.00901556,4.44800043,0.8466797,0.09472656,89.49229,86.55914
09/30/2024 15:39:02,14.0625,3.125,0,0.78125,0,0,21.875,28.5714264,50.7936478,6.25,8.964223,70.4234161,16.68478,7.007313,58,352.000031,405.000031,0,6,24,0,0,6144,318.4414,5825.55859,5.18296576,4.83700037,0.0185546875,0,89.49229,86.55914
09/30/2024 15:39:03,0.78125,0,0,0,0,0,39.9999962,53.8461571,60.0000038,60.9375,13.5216351,70.37627,16.67361,7.018482,58,352.000031,405.000031,0,5,19,0,0,6144,312.5039,5831.496,5.0863266,3.9070003,0.0078125,0.0078125,89.49229,86.55914
09/30/2024 15:39:04,2.34375,0,0,0,0,0,14.0625,21.875,29.6875,42.1875,7.03125,70.21286,16.6348953,7.05719757,58,210.000015,405.000031,0,2,27,0,0,6144,312.5039,5831.496,5.0863266,3.98800015,0.0068359375,0,89.49229,86.55914
09/30/2024 15:39:05,10.15625,2.34375,0,0.78125,0,0,50,73.01587,62.5,84.375,18.5283356,69.7875443,16.53413,7.157963,58,247.000015,405.000031,0,47,38,0,6,6144,310.6914,5833.30859,5.056826,4.242,0.168945313,0.06640625,89.49229,86.55914
09/30/2024 15:39:06,15.625,3.90625,1.5625,3.90625,3.125,1.5625,85.71429,100,90.625,100,27.23214,69.9743958,16.5784,7.113693,58,247.000015,405.000031,0,9,37,0,5,6144,310.6914,5833.30859,5.056826,4.182,0,0.0029296875,89.49229,86.55914
09/30/2024 15:39:07,12.5,7.8125,0,0,0.78125,0,70.3125,82.8125,76.1904755,77.77778,21.8300457,70.03629,16.5930634,7.09902954,59,232.000015,405.000031,0,44,40,0,5,6144,324.3789,5819.621,5.27960443,5.5010004,0.00390625,0,89.49229,86.55914
09/30/2024 15:39:08,24.21875,11.71875,0.78125,3.90625,0,2.34375,71.875,75,75,79.6875,24.21875,69.9806747,16.5798874,7.11220551,59,232.000015,405.000031,0,9,17,0,0,6144,314.3164,5829.68359,5.115827,4.57300043,0.001953125,0,89.49229,86.55914
09/30/2024 15:39:09,17.6923027,3.8461566,0,0.7692337,0,0.78125,26.1538448,50.7692337,41.53846,56.92308,13.8476553,70.17201,16.6252174,7.06687546,59,232.000015,405.000031,0,0,10,0,0,6144,313.8789,5830.121,5.108706,4.352,0,0.001953125,89.49229,86.55914
09/30/2024 15:39:10,0,1.58730149,0,3.174603,0,0,87.30159,96.82539,92.06349,93.650795,23.7103157,70.144104,16.6186066,7.07348633,59,210.000015,405.000031,0,3,15,0,0,6144,313.8789,5830.121,5.108706,3.90400028,0,0,89.49229,86.55914
09/30/2024 15:39:11,0,0,0,3.125,0,0,86.15385,93.84615,81.53846,83.07693,21.92909,70.11081,16.6107178,7.081375,59,210.000015,405.000031,0,3,14,0,0,6144,313.8789,5830.121,5.108706,4.039,0,0,89.49229,86.55914
09/30/2024 15:39:12,0,0,0.78125,3.90625,0.78125,0,100,100,100,100,25.6835938,70.12306,16.61362,7.078472,59,210.000015,405.000031,0,10,18,0,0,6144,306.3789,5837.621,4.98663568,3.95800018,0.0029296875,0,89.49229,86.55914
